rank,team,country_code,rating,average_rank,average_rating,1_year_rank,1_year_rating,3_year_rank,3_year_rating,rank_change,rating_change,home_rank_change,home_rating_change,away_rank_change,away_rating_change,win_rank_change,win_rating_change,loss_rank_change,loss_rating_change,goal_rank_change,goal_rating_change,matches_total,matches_home,matches_away,matches_neutral,wins,losses,draws,goals_for,goals_against,extracted_at,source
1,1,ES,2155,1,2189,7,1946,19,1805,0,ŌłÆ17,0,ŌłÆ17,0,ŌłÆ2,+3,+134,+4,+122,+4,+164,781,341,302,138,461,138,182,1592,698,2026-06-08T15:26:09,https://www.eloratings.net/World.tsv
2,2,AR,2114,1,2172,5,1987,26,1751,0,+1,0,+1,0,ŌłÆ32,ŌłÆ1,ŌłÆ26,+5,+131,ŌłÆ1,+47,1110,381,419,310,611,228,271,2114,1136,2026-06-08T15:26:09,https://www.eloratings.net/World.tsv
3,3,FR,2062,1,2135,16,1795,40,1514,0,0,0,0,0,+7,ŌłÆ1,ŌłÆ23,0,ŌłÆ25,+4,+88,939,474,341,124,474,270,195,1707,1274,2026-06-08T15:26:09,https://www.eloratings.net/World.tsv
4,4,EN,2021,1,2213,4,1983,17,1810,0,ŌłÆ21,0,ŌłÆ21,+1,+10,+5,+41,+4,+40,+4,+51,1161,509,524,128,684,215,262,2720,1118,2026-06-08T15:26:09,https://www.eloratings.net/World.tsv
5,5,BR,1991,1,2195,4,1998,20,1805,+1,+13,+1,+13,+1,ŌłÆ3,ŌłÆ2,ŌłÆ40,ŌłÆ4,ŌłÆ160,ŌłÆ2,ŌłÆ25,1067,373,346,348,672,172,223,2302,957,2026-06-08T15:26:09,https://www.eloratings.net/World.tsv
6,6,PT,1986,2,2060,19,1797,41,1624,+1,+10,+1,+10,ŌłÆ2,ŌłÆ44,0,ŌłÆ14,ŌłÆ2,ŌłÆ51,+7,+78,695,321,262,112,347,189,159,1224,780,2026-06-08T15:26:09,https://www.eloratings.net/World.tsv
7,7,CO,1982,3,2069,48,1621,102,1304,ŌłÆ2,ŌłÆ16,ŌłÆ2,ŌłÆ16,+1,+46,ŌłÆ2,ŌłÆ29,+6,+54,ŌłÆ3,ŌłÆ31,650,185,229,236,267,205,178,847,742,2026-06-08T15:26:09,https://www.eloratings.net/World.tsv
8,8,NL,1944,1,2153,15,1848,55,1553,0,ŌłÆ15,0,ŌłÆ15,ŌłÆ1,ŌłÆ30,+2,ŌłÆ28,+2,ŌłÆ5,+1,+20,902,430,358,114,465,240,197,1892,1143,2026-06-08T15:26:09,https://www.eloratings.net/World.tsv
9,9,EC,1938,9,1938,64,1525,121,1183,0,+5,0,+5,+2,+29,+5,+66,+14,+145,+5,+63,600,183,211,206,185,254,161,724,904,2026-06-08T15:26:09,https://www.eloratings.net/World.tsv
10,10,DE,1932,1,2222,8,1911,25,1637,+2,+22,+2,+22,ŌłÆ1,+19,+3,+13,+1,ŌłÆ3,ŌłÆ8,ŌłÆ102,1047,470,416,161,606,224,217,2358,1233,2026-06-08T15:26:09,https://www.eloratings.net/World.tsv
11,11,NO,1914,6,1944,38,1623,85,1364,0,ŌłÆ8,0,ŌłÆ8,+4,+52,+26,+180,+26,+176,+39,+279,888,426,409,53,335,355,198,1377,1445,2026-06-08T15:26:09,https://www.eloratings.net/World.tsv
12,12,HR,1911,4,2015,12,1881,28,1780,ŌłÆ2,ŌłÆ21,ŌłÆ2,ŌłÆ21,ŌłÆ2,ŌłÆ1,ŌłÆ1,ŌłÆ57,+6,+86,+6,+93,400,158,167,75,210,84,106,696,404,2026-06-08T15:26:09,https://www.eloratings.net/World.tsv
12,12,TR,1911,9,1911,42,1611,77,1358,+3,+30,+3,+30,+5,+64,+19,+155,+9,+111,+5,+83,671,291,300,80,265,250,156,953,970,2026-06-08T15:26:09,https://www.eloratings.net/World.tsv
14,14,JP,1906,9,1913,62,1467,114,1126,+2,+28,+2,+28,+2,+52,+2,+53,+18,+145,+17,+152,836,332,207,297,409,257,170,1518,985,2026-06-08T15:26:09,https://www.eloratings.net/World.tsv
15,15,BE,1893,1,2157,24,1755,71,1503,+6,+44,+4,+44,+5,+57,ŌłÆ7,ŌłÆ95,ŌłÆ13,ŌłÆ206,ŌłÆ4,ŌłÆ28,878,416,376,86,392,302,184,1606,1359,2026-06-08T15:26:09,https://www.eloratings.net/World.tsv
16,16,UY,1892,1,2104,12,1876,44,1636,ŌłÆ2,+2,ŌłÆ2,+2,ŌłÆ4,+3,ŌłÆ9,ŌłÆ99,ŌłÆ5,ŌłÆ43,ŌłÆ7,ŌłÆ32,1019,336,432,251,446,321,252,1610,1254,2026-06-08T15:26:09,https://www.eloratings.net/World.tsv
17,17,CH,1891,9,1933,27,1690,56,1485,ŌłÆ4,ŌłÆ6,ŌłÆ4,ŌłÆ6,+6,+64,+4,+87,ŌłÆ3,+2,+5,+121,897,426,392,79,320,373,204,1340,1484,2026-06-08T15:26:09,https://www.eloratings.net/World.tsv
18,18,MX,1875,4,1985,20,1782,48,1498,+2,+19,+2,+41,+7,+73,+5,+84,ŌłÆ3,ŌłÆ13,ŌłÆ12,ŌłÆ103,1030,298,273,459,535,258,237,1829,1056,2026-06-08T15:26:09,https://www.eloratings.net/World.tsv
19,19,DK,1869,1,2074,20,1799,59,1541,ŌłÆ1,+4,ŌłÆ2,+4,ŌłÆ5,+5,ŌłÆ1,+35,ŌłÆ10,ŌłÆ104,+15,+125,905,414,396,95,420,298,187,1652,1221,2026-06-08T15:26:09,https://www.eloratings.net/World.tsv
19,19,IT,1869,1,2134,8,1915,23,1607,0,+10,ŌłÆ1,+10,ŌłÆ6,ŌłÆ12,ŌłÆ7,ŌłÆ79,ŌłÆ13,ŌłÆ144,ŌłÆ4,ŌłÆ5,903,407,325,171,481,177,245,1581,894,2026-06-08T15:26:09,https://www.eloratings.net/World.tsv
21,21,SN,1867,17,1879,56,1591,107,1387,ŌłÆ4,ŌłÆ3,+3,+63,+11,+109,+9,+106,+18,+137,+22,+193,705,221,260,224,319,193,193,969,672,2026-06-08T15:26:09,https://www.eloratings.net/World.tsv
22,22,PY,1833,5,1956,23,1755,51,1619,0,+1,ŌłÆ1,+1,0,+2,+19,+124,+6,+62,+14,+93,789,215,365,209,277,303,209,1006,1115,2026-06-08T15:26:09,https://www.eloratings.net/World.tsv
23,23,AT,1830,1,2070,20,1810,73,1549,0,+12,0,+12,ŌłÆ5,ŌłÆ15,ŌłÆ8,ŌłÆ33,+10,+84,ŌłÆ2,+53,866,432,383,51,371,310,185,1561,1321,2026-06-08T15:26:09,https://www.eloratings.net/World.tsv
24,24,MA,1827,11,1923,43,1657,86,1510,0,+21,ŌłÆ2,+1,0,+16,+3,+57,+18,+150,+39,+252,730,319,219,192,365,165,200,1108,615,2026-06-08T15:26:09,https://www.eloratings.net/World.tsv
25,25,CA,1788,21,1841,49,1599,90,1470,0,ŌłÆ17,0,ŌłÆ14,+2,ŌłÆ8,+15,+77,+29,+161,+54,+267,490,154,200,136,190,185,115,629,624,2026-06-08T15:26:09,https://www.eloratings.net/World.tsv
26,26,SQ,1782,1,2104,14,1879,64,1598,+1,ŌłÆ8,+1,ŌłÆ8,+15,+66,+3,+13,+15,+104,+13,+72,869,403,413,53,413,268,188,1503,1076,2026-06-08T15:26:09,https://www.eloratings.net/World.tsv
27,27,UA,1780,14,1872,31,1745,66,1561,ŌłÆ1,ŌłÆ22,ŌłÆ2,ŌłÆ22,+1,ŌłÆ11,ŌłÆ10,ŌłÆ70,ŌłÆ7,ŌłÆ34,ŌłÆ11,ŌłÆ56,340,134,146,60,154,91,95,478,358,2026-06-08T15:26:09,https://www.eloratings.net/World.tsv
28,28,AU,1777,11,1876,35,1672,77,1475,+2,+4,+2,+4,+4,+19,ŌłÆ1,+7,+10,+46,+12,+70,637,271,223,143,326,180,131,1290,716,2026-06-08T15:26:09,https://www.eloratings.net/World.tsv
29,29,IR,1772,13,1853,40,1658,79,1450,+4,+17,+4,+17,ŌłÆ3,ŌłÆ26,ŌłÆ9,ŌłÆ48,ŌłÆ6,ŌłÆ21,+5,+28,670,223,195,252,384,132,154,1275,525,2026-06-08T15:26:09,https://www.eloratings.net/World.tsv
30,30,NG,1770,16,1826,38,1668,74,1500,+5,+31,+28,+143,+35,+194,+29,+152,+13,+100,+22,+144,716,241,263,212,332,179,205,1080,723,2026-06-08T15:26:09,https://www.eloratings.net/World.tsv
30,30,RU,1770,1,2083,24,1742,50,1449,ŌłÆ1,ŌłÆ12,ŌłÆ1,ŌłÆ12,ŌłÆ1,ŌłÆ14,ŌłÆ5,ŌłÆ11,+4,+25,ŌłÆ2,+11,814,312,383,119,431,174,209,1479,779,2026-06-08T15:26:09,https://www.eloratings.net/World.tsv
32,32,DZ,1760,18,1807,48,1621,110,1386,+8,+32,+10,+46,+12,+50,+22,+131,+2,+15,+13,+104,689,261,234,194,310,196,183,1053,703,2026-06-08T15:26:09,https://www.eloratings.net/World.tsv
33,33,KR,1758,16,1845,35,1687,84,1445,ŌłÆ5,ŌłÆ26,ŌłÆ5,ŌłÆ26,ŌłÆ3,ŌłÆ9,+2,+22,ŌłÆ2,ŌłÆ4,ŌłÆ14,ŌłÆ39,1052,353,255,444,573,221,258,1913,964,2026-06-08T15:26:09,https://www.eloratings.net/World.tsv
34,34,GR,1744,7,1931,49,1559,91,1273,ŌłÆ2,ŌłÆ17,ŌłÆ2,ŌłÆ17,ŌłÆ14,ŌłÆ92,+1,+8,+10,+84,+21,+129,658,299,296,63,251,250,157,835,909,2026-06-08T15:26:09,https://www.eloratings.net/World.tsv
35,35,CZ,1740,1,2032,13,1855,46,1669,+3,+9,+3,+9,ŌłÆ4,ŌłÆ23,ŌłÆ9,ŌłÆ33,ŌłÆ6,ŌłÆ27,ŌłÆ4,ŌłÆ14,884,361,416,107,426,261,197,1629,1099,2026-06-08T15:26:09,https://www.eloratings.net/World.tsv
36,36,RS,1734,2,2017,20,1787,46,1515,ŌłÆ5,ŌłÆ34,ŌłÆ5,ŌłÆ34,ŌłÆ17,ŌłÆ103,ŌłÆ14,ŌłÆ67,ŌłÆ13,ŌłÆ59,+1,+9,862,302,424,136,403,267,192,1618,1181,2026-06-08T15:26:09,https://www.eloratings.net/World.tsv
37,37,PA,1730,27,1773,99,1362,143,1154,0,ŌłÆ3,ŌłÆ2,ŌłÆ12,+2,+5,+4,+21,+36,+184,+4,+34,594,201,228,165,197,252,145,743,915,2026-06-08T15:26:09,https://www.eloratings.net/World.tsv
38,38,US,1726,9,1890,41,1642,93,1410,ŌłÆ4,ŌłÆ21,ŌłÆ4,ŌłÆ21,+4,+14,ŌłÆ14,ŌłÆ59,ŌłÆ12,ŌłÆ64,ŌłÆ15,ŌłÆ43,827,489,253,85,367,287,173,1250,1077,2026-06-08T15:26:09,https://www.eloratings.net/World.tsv
39,39,VE,1722,18,1829,84,1432,122,1218,+3,+7,+1,+7,ŌłÆ5,ŌłÆ35,ŌłÆ7,ŌłÆ22,ŌłÆ9,ŌłÆ43,+12,+89,482,179,179,124,129,246,107,522,874,2026-06-08T15:26:09,https://www.eloratings.net/World.tsv
40,40,UZ,1718,25,1766,60,1596,93,1428,0,ŌłÆ10,ŌłÆ4,ŌłÆ17,+7,+24,+6,+49,+26,+149,+7,+69,366,130,129,107,180,111,75,635,400,2026-06-08T15:26:09,https://www.eloratings.net/World.tsv
41,41,KO,1715,37,1738,102,1420,119,1364,+3,+1,+1,+1,+20,+111,+41,+210,+45,+240,+69,+315,109,49,40,20,43,43,23,156,147,2026-06-08T15:26:09,https://www.eloratings.net/World.tsv
42,42,SE,1712,2,2013,17,1795,54,1579,+10,+52,+9,+52,ŌłÆ7,ŌłÆ42,+3,+38,ŌłÆ26,ŌłÆ136,ŌłÆ16,ŌłÆ50,1120,490,500,130,549,336,235,2229,1487,2026-06-08T15:26:09,https://www.eloratings.net/World.tsv
43,43,PL,1710,2,2084,30,1712,63,1521,ŌłÆ7,ŌłÆ25,ŌłÆ7,ŌłÆ25,+2,+4,ŌłÆ9,ŌłÆ27,ŌłÆ21,ŌłÆ85,ŌłÆ19,ŌłÆ55,921,397,410,114,400,296,225,1564,1243,2026-06-08T15:26:09,https://www.eloratings.net/World.tsv
44,44,CL,1708,2,2040,28,1678,59,1384,ŌłÆ6,ŌłÆ23,ŌłÆ6,ŌłÆ23,ŌłÆ4,ŌłÆ9,ŌłÆ5,ŌłÆ5,ŌłÆ25,ŌłÆ107,ŌłÆ32,ŌłÆ212,853,328,308,217,318,347,188,1195,1218,2026-06-08T15:26:09,https://www.eloratings.net/World.tsv
45,45,HU,1707,1,2234,20,1835,74,1529,+1,+9,ŌłÆ1,+9,+1,+10,ŌłÆ26,ŌłÆ124,ŌłÆ9,ŌłÆ33,ŌłÆ4,+11,1034,468,492,74,488,324,222,2071,1526,2026-06-08T15:26:09,https://www.eloratings.net/World.tsv
46,46,PE,1701,10,1916,34,1679,76,1485,ŌłÆ1,ŌłÆ6,ŌłÆ1,+4,ŌłÆ9,ŌłÆ38,ŌłÆ13,ŌłÆ40,ŌłÆ19,ŌłÆ85,ŌłÆ26,ŌłÆ90,709,266,253,190,229,304,176,859,988,2026-06-08T15:26:09,https://www.eloratings.net/World.tsv
47,47,IE,1699,4,1918,24,1626,64,1237,+2,+11,0,+11,+8,+64,+11,+78,+8,+77,ŌłÆ17,ŌłÆ59,743,378,305,60,262,287,194,979,1161,2026-06-08T15:26:09,https://www.eloratings.net/World.tsv
48,48,EG,1696,12,1872,37,1662,70,1527,+5,+37,+11,+72,+2,+30,+3,+53,+14,+98,+1,+57,885,354,281,250,447,217,221,1546,923,2026-06-08T15:26:09,https://www.eloratings.net/World.tsv
49,49,CI,1695,15,1863,45,1640,76,1476,+9,+58,+14,+88,+16,+119,+4,+60,ŌłÆ1,+54,ŌłÆ11,ŌłÆ29,693,241,238,214,349,166,178,1132,696,2026-06-08T15:26:09,https://www.eloratings.net/World.tsv
50,50,WA,1682,3,1910,22,1671,85,1403,ŌłÆ8,ŌłÆ33,ŌłÆ10,ŌłÆ33,ŌłÆ12,ŌłÆ54,ŌłÆ7,ŌłÆ17,ŌłÆ33,ŌłÆ150,ŌłÆ4,+29,735,346,357,32,236,332,167,919,1176,2026-06-08T15:26:09,https://www.eloratings.net/World.tsv
50,50,SI,1682,26,1777,54,1625,76,1518,ŌłÆ3,ŌłÆ13,ŌłÆ4,ŌłÆ13,ŌłÆ14,ŌłÆ67,ŌłÆ12,ŌłÆ51,+6,+65,+6,+69,321,145,146,30,116,118,87,401,381,2026-06-08T15:26:09,https://www.eloratings.net/World.tsv
52,52,JO,1680,40,1701,111,1324,153,1096,ŌłÆ4,ŌłÆ9,+3,+45,ŌłÆ1,+24,+11,+71,+33,+204,+23,+145,585,201,193,191,207,220,158,730,717,2026-06-08T15:26:09,https://www.eloratings.net/World.tsv
53,53,SK,1667,17,1775,40,1681,67,1567,ŌłÆ3,ŌłÆ20,ŌłÆ5,ŌłÆ20,ŌłÆ5,ŌłÆ10,ŌłÆ5,+13,ŌłÆ8,+11,ŌłÆ29,ŌłÆ98,368,158,166,44,150,131,87,521,460,2026-06-08T15:26:09,https://www.eloratings.net/World.tsv
54,54,CD,1661,20,1782,62,1557,114,1387,+3,+22,+7,+45,+10,+78,+19,+115,+33,+187,+12,+92,548,166,225,157,226,171,151,835,641,2026-06-08T15:26:09,https://www.eloratings.net/World.tsv
55,55,GE,1654,31,1755,70,1553,104,1434,0,+4,ŌłÆ3,+4,ŌłÆ12,ŌłÆ57,ŌłÆ6,+4,+20,+127,+32,+169,321,141,148,32,107,146,68,415,444,2026-06-08T15:26:09,https://www.eloratings.net/World.tsv
56,56,IL,1647,23,1776,49,1621,83,1428,+4,+16,+1,+16,+1,+30,+13,+94,+2,+39,+11,+79,524,249,213,62,197,207,120,804,764,2026-06-08T15:26:09,https://www.eloratings.net/World.tsv
57,57,RO,1639,5,1945,29,1717,65,1501,ŌłÆ1,ŌłÆ3,ŌłÆ4,ŌłÆ3,ŌłÆ9,ŌłÆ38,ŌłÆ7,ŌłÆ8,ŌłÆ5,+10,ŌłÆ29,ŌłÆ120,802,333,377,92,355,247,200,1306,1020,2026-06-08T15:26:09,https://www.eloratings.net/World.tsv
58,58,BO,1633,21,1798,60,1509,93,1244,ŌłÆ4,ŌłÆ24,ŌłÆ9,ŌłÆ43,ŌłÆ4,ŌłÆ3,+6,+34,ŌłÆ8,+1,+1,+49,537,189,205,143,122,294,121,551,1056,2026-06-08T15:26:09,https://www.eloratings.net/World.tsv
59,59,TN,1628,24,1757,47,1616,87,1439,+2,+14,ŌłÆ5,ŌłÆ13,ŌłÆ1,+15,ŌłÆ15,ŌłÆ58,ŌłÆ12,ŌłÆ19,+14,+77,777,337,253,187,330,231,216,1105,845,2026-06-08T15:26:09,https://www.eloratings.net/World.tsv
60,60,IQ,1618,23,1740,47,1622,96,1456,+8,+36,0,ŌłÆ2,+19,+100,ŌłÆ13,ŌłÆ41,ŌłÆ9,ŌłÆ12,+22,+114,761,139,232,390,360,189,212,1204,708,2026-06-08T15:26:09,https://www.eloratings.net/World.tsv
61,61,AL,1616,38,1675,73,1504,116,1364,ŌłÆ10,ŌłÆ48,ŌłÆ11,ŌłÆ48,ŌłÆ8,ŌłÆ23,ŌłÆ4,ŌłÆ7,+9,+60,ŌłÆ7,0,410,192,185,33,116,209,85,396,604,2026-06-08T15:26:09,https://www.eloratings.net/World.tsv
62,62,CM,1613,14,1850,53,1605,80,1442,0,+7,+11,+54,+1,+17,+3,+31,+6,+48,ŌłÆ6,0,661,184,247,230,287,172,202,952,712,2026-06-08T15:26:09,https://www.eloratings.net/World.tsv
63,63,CR,1611,9,1866,36,1689,77,1478,ŌłÆ4,ŌłÆ21,ŌłÆ7,ŌłÆ21,ŌłÆ11,ŌłÆ42,ŌłÆ1,ŌłÆ2,ŌłÆ14,ŌłÆ22,ŌłÆ30,ŌłÆ134,790,259,282,249,356,243,191,1369,919,2026-06-08T15:26:09,https://www.eloratings.net/World.tsv
64,64,EI,1607,13,1854,40,1655,110,1397,ŌłÆ1,+4,0,+4,+8,+52,+13,+92,+3,+40,ŌłÆ11,ŌłÆ17,611,276,297,38,172,289,150,644,925,2026-06-08T15:26:09,https://www.eloratings.net/World.tsv
65,65,BA,1595,20,1806,53,1626,90,1469,+4,+23,+3,+23,+12,+69,+25,+118,ŌłÆ12,ŌłÆ33,ŌłÆ38,ŌłÆ166,281,118,136,27,104,111,66,394,386,2026-06-08T15:26:09,https://www.eloratings.net/World.tsv
66,66,NM,1589,40,1667,74,1534,110,1401,ŌłÆ2,ŌłÆ3,0,ŌłÆ3,ŌłÆ10,ŌłÆ31,+5,+40,ŌłÆ7,ŌłÆ13,+36,+159,305,141,134,30,95,131,79,364,411,2026-06-08T15:26:09,https://www.eloratings.net/World.tsv
67,67,ML,1588,42,1650,70,1523,129,1302,ŌłÆ1,ŌłÆ1,ŌłÆ5,ŌłÆ24,ŌłÆ5,ŌłÆ13,ŌłÆ7,ŌłÆ26,+5,+40,+4,+31,625,195,234,196,249,206,170,824,718,2026-06-08T15:26:09,https://www.eloratings.net/World.tsv
68,68,CV,1578,65,1579,120,1302,146,1172,+4,+17,+4,+17,+11,+60,+2,+26,+27,+140,+16,+76,253,80,91,82,96,97,60,273,278,2026-06-08T15:26:09,https://www.eloratings.net/World.tsv
69,69,HN,1570,23,1789,63,1500,110,1330,+1,+3,+1,+3,0,+9,+14,+73,ŌłÆ9,ŌłÆ29,+8,+45,668,212,217,239,263,232,173,964,859,2026-06-08T15:26:09,https://www.eloratings.net/World.tsv
70,70,SA,1569,29,1736,76,1500,125,1253,ŌłÆ6,ŌłÆ23,ŌłÆ5,ŌłÆ28,ŌłÆ10,ŌłÆ39,ŌłÆ10,ŌłÆ45,ŌłÆ6,ŌłÆ10,+6,+42,839,324,151,364,397,247,195,1286,896,2026-06-08T15:26:09,https://www.eloratings.net/World.tsv
70,70,IS,1569,18,1840,81,1425,127,1258,+1,+7,+1,+3,0,+12,ŌłÆ2,+6,ŌłÆ13,ŌłÆ42,ŌłÆ26,ŌłÆ96,526,216,251,59,160,262,104,635,882,2026-06-08T15:26:09,https://www.eloratings.net/World.tsv
72,72,NZ,1562,29,1640,66,1499,103,1334,ŌłÆ5,ŌłÆ23,ŌłÆ5,ŌłÆ23,ŌłÆ13,ŌłÆ48,+4,+37,+10,+77,ŌłÆ2,+2,441,135,189,117,181,181,79,767,650,2026-06-08T15:26:09,https://www.eloratings.net/World.tsv
73,73,HT,1548,37,1673,81,1418,129,1265,+1,+6,+2,+6,ŌłÆ3,ŌłÆ9,+10,+51,ŌłÆ5,ŌłÆ17,+14,+63,563,181,196,186,247,198,118,962,761,2026-06-08T15:26:09,https://www.eloratings.net/World.tsv
74,74,AE,1540,37,1692,98,1395,163,981,+2,0,+5,+18,ŌłÆ1,ŌłÆ4,+4,+29,+13,+66,ŌłÆ13,ŌłÆ43,674,287,141,246,263,238,173,933,831,2026-06-08T15:26:09,https://www.eloratings.net/World.tsv
75,75,AO,1537,52,1629,86,1456,161,1213,ŌłÆ2,ŌłÆ6,ŌłÆ6,ŌłÆ32,ŌłÆ1,ŌłÆ2,+3,+26,+39,+169,+44,+189,474,166,184,124,175,140,159,576,490,2026-06-08T15:26:09,https://www.eloratings.net/World.tsv
76,76,FI,1536,14,1757,62,1500,120,1246,+4,+27,+4,+27,ŌłÆ1,+4,ŌłÆ20,ŌłÆ91,ŌłÆ36,ŌłÆ148,ŌłÆ13,ŌłÆ39,825,337,430,58,217,441,167,972,1699,2026-06-08T15:26:09,https://www.eloratings.net/World.tsv
77,77,JM,1527,38,1700,83,1413,133,1221,ŌłÆ3,ŌłÆ15,0,ŌłÆ1,ŌłÆ9,ŌłÆ42,ŌłÆ25,ŌłÆ112,ŌłÆ13,ŌłÆ52,ŌłÆ12,ŌłÆ45,719,272,268,179,280,272,167,961,942,2026-06-08T15:26:09,https://www.eloratings.net/World.tsv
78,78,BF,1526,56,1617,98,1402,137,1265,ŌłÆ1,ŌłÆ8,ŌłÆ4,ŌłÆ22,+4,+24,+7,+33,ŌłÆ7,ŌłÆ23,+18,+66,492,154,187,151,170,192,130,612,675,2026-06-08T15:26:09,https://www.eloratings.net/World.tsv
79,79,BY,1525,43,1666,80,1505,120,1349,+3,+29,+3,+29,+4,+24,+15,+79,+1,+34,ŌłÆ20,ŌłÆ59,307,104,158,45,91,137,79,346,443,2026-06-08T15:26:09,https://www.eloratings.net/World.tsv
80,80,ZA,1518,7,1847,32,1707,99,1448,ŌłÆ2,ŌłÆ11,ŌłÆ4,ŌłÆ13,ŌłÆ13,ŌłÆ52,ŌłÆ14,ŌłÆ61,+4,+40,ŌłÆ22,ŌłÆ84,526,276,161,89,231,141,154,720,543,2026-06-08T15:26:09,https://www.eloratings.net/World.tsv
81,81,GH,1510,10,1877,42,1651,101,1424,ŌłÆ1,+1,ŌłÆ1,+1,+5,+33,ŌłÆ6,ŌłÆ22,ŌłÆ21,ŌłÆ89,ŌłÆ33,ŌłÆ130,779,247,298,234,370,213,196,1248,823,2026-06-08T15:26:09,https://www.eloratings.net/World.tsv
82,82,GT,1504,30,1642,68,1486,108,1382,ŌłÆ3,ŌłÆ21,ŌłÆ5,ŌłÆ24,+2,+4,+5,+18,ŌłÆ5,0,+4,+15,628,205,180,243,225,237,166,878,858,2026-06-08T15:26:09,https://www.eloratings.net/World.tsv
83,83,SY,1479,53,1618,86,1428,123,1253,+1,ŌłÆ7,0,ŌłÆ12,+12,+40,+16,+56,0,0,ŌłÆ2,ŌłÆ35,598,125,224,249,223,227,148,859,760,2026-06-08T15:26:09,https://www.eloratings.net/World.tsv
83,83,OM,1479,53,1634,128,1211,181,782,0,ŌłÆ11,+1,ŌłÆ11,ŌłÆ2,ŌłÆ25,ŌłÆ11,ŌłÆ68,ŌłÆ4,ŌłÆ18,+8,+9,594,230,145,219,223,219,152,757,784,2026-06-08T15:26:09,https://www.eloratings.net/World.tsv
85,85,PS,1467,66,1483,121,1255,159,1155,+1,ŌłÆ2,+1,ŌłÆ16,+4,+10,+16,+54,+16,+53,+31,+115,291,19,112,160,84,128,79,370,446,2026-06-08T15:26:09,https://www.eloratings.net/World.tsv
86,86,GN,1463,21,1772,72,1516,128,1302,ŌłÆ1,ŌłÆ22,ŌłÆ1,ŌłÆ22,+8,+12,ŌłÆ5,ŌłÆ47,+10,+31,ŌłÆ6,ŌłÆ57,646,172,263,211,251,211,184,953,804,2026-06-08T15:26:09,https://www.eloratings.net/World.tsv
87,87,ME,1460,34,1720,60,1597,95,1439,+3,+17,+4,+17,ŌłÆ9,ŌłÆ59,ŌłÆ20,ŌłÆ110,ŌłÆ11,ŌłÆ58,ŌłÆ15,ŌłÆ96,174,91,78,5,58,73,43,205,239,2026-06-08T15:26:09,https://www.eloratings.net/World.tsv
88,88,BG,1458,7,1911,41,1633,98,1312,+1,+5,+2,+5,+3,+4,ŌłÆ2,ŌłÆ30,ŌłÆ10,ŌłÆ41,ŌłÆ27,ŌłÆ125,781,299,400,82,286,300,195,1094,1152,2026-06-08T15:26:09,https://www.eloratings.net/World.tsv
89,89,NS,1457,64,1486,84,1463,102,1430,ŌłÆ1,0,0,0,0,0,+4,0,+3,0,+8,+1,17,5,3,9,9,6,2,30,23,2026-06-08T15:26:09,https://www.eloratings.net/World.tsv
90,90,LU,1450,24,1520,108,1256,191,979,+13,+55,+14,+55,+2,ŌłÆ3,ŌłÆ12,ŌłÆ61,+17,+64,+58,+211,475,258,201,16,55,358,62,309,1225,2026-06-08T15:26:09,https://www.eloratings.net/World.tsv
91,91,CW,1434,26,1618,97,1381,188,1011,ŌłÆ4,ŌłÆ32,ŌłÆ3,ŌłÆ32,+37,+104,+27,+81,+5,+2,+77,+268,500,174,177,149,202,174,124,884,771,2026-06-08T15:26:09,https://www.eloratings.net/World.tsv
92,92,KZ,1431,48,1622,101,1420,130,1306,+5,+21,+8,+21,+6,+16,ŌłÆ1,ŌłÆ31,+32,+84,+15,+12,271,103,122,46,70,142,59,284,451,2026-06-08T15:26:09,https://www.eloratings.net/World.tsv
92,92,SR,1431,26,1592,84,1404,170,1160,ŌłÆ1,ŌłÆ9,0,ŌłÆ9,+8,+26,+39,+113,+33,+94,+70,+222,543,231,222,90,239,175,129,986,740,2026-06-08T15:26:09,https://www.eloratings.net/World.tsv
94,94,CN,1428,17,1751,50,1577,112,1375,+5,+19,+9,+26,+15,+45,+10,+27,ŌłÆ4,ŌłÆ43,ŌłÆ27,ŌłÆ140,763,271,265,227,369,231,163,1422,862,2026-06-08T15:26:09,https://www.eloratings.net/World.tsv
94,94,BJ,1428,57,1540,109,1356,168,1131,+3,+18,0,ŌłÆ6,+5,+20,+19,+63,ŌłÆ3,ŌłÆ31,+17,+34,353,129,142,82,87,181,85,365,618,2026-06-08T15:26:09,https://www.eloratings.net/World.tsv
96,96,KD,1425,92,1425,100,1425,108,1403,ŌłÆ4,0,0,0,+1,0,+1,0,+3,0,+8,0,4,2,0,2,3,0,1,12,3,2026-06-08T15:26:09,https://www.eloratings.net/World.tsv
97,97,QA,1421,26,1771,93,1416,164,963,ŌłÆ5,ŌłÆ4,ŌłÆ1,ŌłÆ4,ŌłÆ21,ŌłÆ109,ŌłÆ43,ŌłÆ208,ŌłÆ51,ŌłÆ233,ŌłÆ23,ŌłÆ117,699,328,147,224,289,233,177,993,826,2026-06-08T15:26:09,https://www.eloratings.net/World.tsv
98,98,LY,1420,42,1619,82,1470,128,1321,ŌłÆ6,ŌłÆ5,ŌłÆ2,ŌłÆ5,+9,+35,+5,+10,+22,+65,ŌłÆ8,ŌłÆ58,459,164,166,129,166,185,108,621,611,2026-06-08T15:26:09,https://www.eloratings.net/World.tsv
99,99,GM,1419,88,1454,118,1309,144,1189,ŌłÆ4,ŌłÆ5,0,ŌłÆ5,+6,+33,+18,+61,+10,+41,+41,+138,299,108,100,91,81,136,82,319,433,2026-06-08T15:26:09,https://www.eloratings.net/World.tsv
100,100,BH,1414,51,1634,109,1349,155,1075,ŌłÆ4,ŌłÆ4,+5,+25,ŌłÆ12,ŌłÆ54,ŌłÆ6,ŌłÆ32,ŌłÆ26,ŌłÆ129,+3,ŌłÆ13,637,218,159,260,223,248,166,780,826,2026-06-08T15:26:09,https://www.eloratings.net/World.tsv
101,101,GA,1401,59,1593,95,1413,126,1268,ŌłÆ1,ŌłÆ4,ŌłÆ14,ŌłÆ66,ŌłÆ8,ŌłÆ51,ŌłÆ3,ŌłÆ23,ŌłÆ3,ŌłÆ30,ŌłÆ2,ŌłÆ45,462,184,154,124,159,174,129,551,567,2026-06-08T15:26:09,https://www.eloratings.net/World.tsv
102,102,NE,1394,98,1409,133,1239,159,1082,ŌłÆ1,ŌłÆ10,ŌłÆ1,ŌłÆ10,+24,+58,+54,+157,+45,+152,+41,+131,291,100,117,74,65,157,69,287,516,2026-06-08T15:26:09,https://www.eloratings.net/World.tsv
102,102,UG,1394,29,1625,75,1482,130,1306,+2,0,ŌłÆ7,ŌłÆ39,+8,+13,+9,+21,ŌłÆ10,ŌłÆ63,ŌłÆ17,ŌłÆ106,736,251,257,228,304,238,194,1108,887,2026-06-08T15:26:09,https://www.eloratings.net/World.tsv
104,104,GQ,1391,61,1604,151,1159,189,1007,+2,+8,ŌłÆ11,ŌłÆ48,ŌłÆ18,ŌłÆ86,ŌłÆ31,ŌłÆ155,+17,+39,+17,+52,195,80,64,51,56,95,44,182,287,2026-06-08T15:26:09,https://www.eloratings.net/World.tsv
105,105,TT,1388,11,1661,61,1505,125,1312,ŌłÆ3,ŌłÆ15,ŌłÆ3,ŌłÆ15,ŌłÆ4,ŌłÆ13,ŌłÆ4,ŌłÆ25,+12,+29,ŌłÆ38,ŌłÆ180,871,344,364,163,375,303,193,1446,1127,2026-06-08T15:26:09,https://www.eloratings.net/World.tsv
106,106,MG,1380,68,1508,104,1366,167,1162,+6,+12,+5,+12,+29,+62,+27,+68,+8,+12,+44,+143,357,120,121,116,136,143,78,494,536,2026-06-08T15:26:09,https://www.eloratings.net/World.tsv
107,107,AM,1378,62,1589,102,1418,143,1243,ŌłÆ2,ŌłÆ11,ŌłÆ2,ŌłÆ11,+3,ŌłÆ3,ŌłÆ15,ŌłÆ83,ŌłÆ44,ŌłÆ205,ŌłÆ29,ŌłÆ144,282,114,132,36,66,158,58,282,538,2026-06-08T15:26:09,https://www.eloratings.net/World.tsv
108,108,KP,1375,17,1801,63,1566,131,1315,0,0,+2,0,+4,ŌłÆ3,ŌłÆ2,ŌłÆ18,+1,ŌłÆ3,ŌłÆ26,ŌłÆ129,417,50,149,218,175,127,115,641,447,2026-06-08T15:26:09,https://www.eloratings.net/World.tsv
109,109,ZW,1372,43,1574,78,1462,146,1279,+11,+30,+7,+20,+10,+12,+35,+87,ŌłÆ7,ŌłÆ29,ŌłÆ1,ŌłÆ36,552,190,223,139,207,184,161,738,663,2026-06-08T15:26:09,https://www.eloratings.net/World.tsv
109,109,TH,1372,67,1546,112,1317,141,1125,+3,+4,+2,+4,ŌłÆ5,ŌłÆ15,ŌłÆ10,ŌłÆ51,+22,+54,ŌłÆ8,ŌłÆ65,934,389,199,346,366,358,210,1487,1408,2026-06-08T15:26:09,https://www.eloratings.net/World.tsv
111,111,ZM,1371,31,1710,60,1551,124,1344,0,0,+2,+6,ŌłÆ6,ŌłÆ15,ŌłÆ22,ŌłÆ108,ŌłÆ31,ŌłÆ120,ŌłÆ16,ŌłÆ92,879,282,360,237,393,261,225,1389,954,2026-06-08T15:26:09,https://www.eloratings.net/World.tsv
112,112,FO,1368,61,1381,122,1252,169,1154,ŌłÆ5,ŌłÆ12,ŌłÆ3,ŌłÆ12,+35,+98,+41,+113,+30,+106,+39,+136,282,119,140,23,50,195,37,212,641,2026-06-08T15:26:09,https://www.eloratings.net/World.tsv
113,113,KE,1363,53,1563,90,1379,140,1240,+4,+19,+5,+19,+2,ŌłÆ9,ŌłÆ8,ŌłÆ32,ŌłÆ7,ŌłÆ24,+7,+23,781,291,283,207,294,293,194,1078,1062,2026-06-08T15:26:09,https://www.eloratings.net/World.tsv
113,113,KM,1363,96,1434,186,941,206,830,ŌłÆ5,ŌłÆ12,+1,+3,ŌłÆ17,ŌłÆ71,+33,+80,+37,+129,+78,+396,158,29,35,94,40,81,37,144,246,2026-06-08T15:26:09,https://www.eloratings.net/World.tsv
115,115,ID,1362,39,1578,101,1361,179,1101,+6,+21,+8,+21,+4,+2,+11,+35,+64,+254,+46,+151,783,251,192,340,298,332,153,1316,1269,2026-06-08T15:26:09,https://www.eloratings.net/World.tsv
116,116,TG,1356,48,1603,90,1439,144,1263,+3,+13,+4,+13,0,ŌłÆ15,ŌłÆ7,ŌłÆ21,+19,+68,ŌłÆ7,ŌłÆ51,494,179,198,117,157,210,127,534,674,2026-06-08T15:26:09,https://www.eloratings.net/World.tsv
117,117,SL,1354,65,1551,104,1368,158,1185,0,+10,+1,+10,+13,+29,+19,+43,+14,+36,0,+3,336,116,140,80,98,149,89,330,471,2026-06-08T15:26:09,https://www.eloratings.net/World.tsv
118,118,MZ,1352,83,1495,116,1332,152,1210,ŌłÆ8,ŌłÆ20,ŌłÆ13,ŌłÆ37,ŌłÆ33,ŌłÆ126,ŌłÆ5,ŌłÆ13,+20,+80,ŌłÆ3,ŌłÆ8,443,166,176,101,139,193,111,466,584,2026-06-08T15:26:09,https://www.eloratings.net/World.tsv
118,118,EE,1352,32,1541,94,1353,174,1088,ŌłÆ4,ŌłÆ7,ŌłÆ3,ŌłÆ7,ŌłÆ1,ŌłÆ18,ŌłÆ6,ŌłÆ14,ŌłÆ15,ŌłÆ45,ŌłÆ26,ŌłÆ115,540,230,255,55,133,287,120,532,962,2026-06-08T15:26:09,https://www.eloratings.net/World.tsv
120,120,VN,1351,62,1518,120,1298,177,1092,+7,+22,+7,+22,+1,ŌłÆ8,+27,+75,ŌłÆ21,ŌłÆ74,+25,+95,525,174,131,220,222,200,103,922,771,2026-06-08T15:26:09,https://www.eloratings.net/World.tsv
121,121,SD,1350,23,1707,90,1444,155,1226,ŌłÆ6,0,ŌłÆ13,ŌłÆ32,ŌłÆ19,ŌłÆ46,ŌłÆ11,ŌłÆ24,ŌłÆ13,ŌłÆ33,+13,+61,553,154,204,195,187,225,141,628,730,2026-06-08T15:26:09,https://www.eloratings.net/World.tsv
122,122,RE,1345,72,1395,125,1184,158,1047,ŌłÆ6,0,ŌłÆ5,0,+1,0,+1,0,ŌłÆ9,ŌłÆ24,ŌłÆ9,ŌłÆ36,139,53,38,48,55,55,29,237,252,2026-06-08T15:26:09,https://www.eloratings.net/World.tsv
123,123,SV,1342,32,1606,72,1471,130,1322,+7,+18,+7,+18,ŌłÆ20,ŌłÆ52,ŌłÆ16,ŌłÆ39,ŌłÆ36,ŌłÆ132,ŌłÆ18,ŌłÆ79,687,210,209,268,227,306,154,863,1023,2026-06-08T15:26:09,https://www.eloratings.net/World.tsv
124,124,GP,1338,50,1530,91,1408,166,1179,0,0,+1,0,ŌłÆ11,ŌłÆ38,+3,+12,+33,+130,+17,+60,293,92,89,112,128,114,51,507,410,2026-06-08T15:26:09,https://www.eloratings.net/World.tsv
125,125,RW,1337,96,1461,144,1207,176,1035,+11,+28,+12,+28,+7,+16,+6,+19,+3,+12,+7,+45,290,107,100,83,90,126,74,298,364,2026-06-08T15:26:09,https://www.eloratings.net/World.tsv
126,126,NI,1333,65,1373,146,1031,197,900,+2,+5,+2,+5,+3,+4,ŌłÆ4,ŌłÆ16,+25,+104,+18,+72,253,63,100,90,54,167,32,258,621,2026-06-08T15:26:09,https://www.eloratings.net/World.tsv
127,127,KW,1331,27,1734,83,1468,143,1178,+2,+4,ŌłÆ7,ŌłÆ12,+11,+39,+2,+9,ŌłÆ23,ŌłÆ61,ŌłÆ34,ŌłÆ135,762,269,176,317,321,248,193,1198,880,2026-06-08T15:26:09,https://www.eloratings.net/World.tsv
128,128,AZ,1321,63,1551,107,1397,143,1257,ŌłÆ5,ŌłÆ18,ŌłÆ4,ŌłÆ18,ŌłÆ10,ŌłÆ48,ŌłÆ40,ŌłÆ161,ŌłÆ17,ŌłÆ54,ŌłÆ16,ŌłÆ68,323,116,152,55,66,176,81,263,544,2026-06-08T15:26:09,https://www.eloratings.net/World.tsv
128,128,ZN,1321,102,1368,145,1119,168,936,+3,0,+3,0,+4,0,+2,0,+1,ŌłÆ2,+8,+34,217,37,45,135,39,131,47,186,458,2026-06-08T15:26:09,https://www.eloratings.net/World.tsv
130,130,MR,1317,98,1424,155,1115,181,911,+4,+6,+5,+6,ŌłÆ3,ŌłÆ17,ŌłÆ10,ŌłÆ34,ŌłÆ18,ŌłÆ55,+5,+29,299,91,103,105,55,173,71,216,527,2026-06-08T15:26:09,https://www.eloratings.net/World.tsv
131,131,CY,1314,63,1575,102,1378,141,1250,+6,+12,+7,+12,+5,+11,+2,+2,ŌłÆ15,ŌłÆ50,ŌłÆ25,ŌłÆ106,429,237,186,6,84,271,74,387,932,2026-06-08T15:26:09,https://www.eloratings.net/World.tsv
132,132,TZ,1313,65,1510,117,1295,169,1130,ŌłÆ10,ŌłÆ27,ŌłÆ3,ŌłÆ12,ŌłÆ24,ŌłÆ71,ŌłÆ9,ŌłÆ32,+1,+18,ŌłÆ7,ŌłÆ12,658,244,237,177,193,280,185,752,963,2026-06-08T15:26:09,https://www.eloratings.net/World.tsv
133,133,MQ,1312,39,1565,80,1458,133,1312,ŌłÆ7,ŌłÆ19,ŌłÆ11,ŌłÆ30,ŌłÆ19,ŌłÆ61,ŌłÆ37,ŌłÆ126,ŌłÆ39,ŌłÆ134,ŌłÆ39,ŌłÆ152,371,136,125,110,167,116,88,676,488,2026-06-08T15:26:09,https://www.eloratings.net/World.tsv
134,134,LV,1305,41,1575,87,1399,155,1217,+9,+19,+10,+19,+7,+16,ŌłÆ1,ŌłÆ7,+1,+17,ŌłÆ45,ŌłÆ175,458,192,213,53,128,219,111,536,753,2026-06-08T15:26:09,https://www.eloratings.net/World.tsv
135,135,,1303,97,1428,136,1272,168,1117,ŌłÆ1,ŌłÆ8,0,ŌłÆ8,ŌłÆ13,ŌłÆ53,ŌłÆ20,ŌłÆ56,ŌłÆ9,ŌłÆ30,ŌłÆ13,ŌłÆ34,304,102,121,81,77,135,92,295,424,2026-06-08T15:26:09,https://www.eloratings.net/World.tsv
136,136,MY,1293,58,1548,122,1288,185,1054,ŌłÆ4,ŌłÆ20,ŌłÆ3,ŌłÆ20,+16,+40,+12,+21,+25,+107,+38,+173,929,390,241,298,362,356,211,1513,1348,2026-06-08T15:26:09,https://www.eloratings.net/World.tsv
136,136,KG,1293,127,1332,155,1203,178,1094,ŌłÆ4,ŌłÆ20,ŌłÆ3,ŌłÆ20,ŌłÆ6,ŌłÆ32,+14,+27,+13,+58,+24,+81,191,48,74,69,55,105,31,208,337,2026-06-08T15:26:09,https://www.eloratings.net/World.tsv
138,138,GY,1292,15,1523,104,1293,182,1043,+9,+17,+9,+17,+12,+36,+13,+33,+35,+153,+18,+71,456,179,194,83,142,224,90,589,790,2026-06-08T15:26:09,https://www.eloratings.net/World.tsv
139,139,LR,1291,70,1518,112,1342,154,1218,ŌłÆ1,ŌłÆ9,0,ŌłÆ9,+9,+28,+14,+36,ŌłÆ21,ŌłÆ65,ŌłÆ15,ŌłÆ38,341,145,144,52,90,175,76,315,520,2026-06-08T15:26:09,https://www.eloratings.net/World.tsv
139,139,ET,1291,39,1638,99,1394,153,1238,+9,+27,+9,+27,+5,+12,ŌłÆ1,ŌłÆ9,ŌłÆ12,ŌłÆ35,ŌłÆ10,ŌłÆ9,473,215,163,95,171,199,103,656,690,2026-06-08T15:26:09,https://www.eloratings.net/World.tsv
141,141,TJ,1290,75,1503,123,1334,164,1195,ŌłÆ2,ŌłÆ6,ŌłÆ1,ŌłÆ6,ŌłÆ2,ŌłÆ1,ŌłÆ33,ŌłÆ88,+3,+37,+16,+70,211,56,84,71,80,86,45,304,296,2026-06-08T15:26:09,https://www.eloratings.net/World.tsv
142,142,LB,1288,78,1472,108,1333,164,1166,ŌłÆ17,ŌłÆ44,ŌłÆ16,ŌłÆ44,ŌłÆ17,ŌłÆ51,ŌłÆ1,0,ŌłÆ37,ŌłÆ101,ŌłÆ28,ŌłÆ80,421,140,144,137,123,186,112,507,621,2026-06-08T15:26:09,https://www.eloratings.net/World.tsv
143,143,NC,1286,50,1532,103,1357,176,1089,ŌłÆ3,ŌłÆ8,ŌłÆ2,ŌłÆ8,ŌłÆ1,+1,+14,+56,ŌłÆ3,+20,ŌłÆ17,ŌłÆ27,285,87,71,127,141,110,34,739,419,2026-06-08T15:26:09,https://www.eloratings.net/World.tsv
143,143,LT,1286,47,1662,92,1318,151,1050,+3,+10,+3,+10,ŌłÆ6,ŌłÆ8,ŌłÆ28,ŌłÆ73,ŌłÆ13,ŌłÆ33,ŌłÆ43,ŌłÆ157,417,170,206,41,106,229,82,415,758,2026-06-08T15:26:09,https://www.eloratings.net/World.tsv
145,145,BI,1285,85,1464,125,1285,168,1163,+6,+46,+6,+46,ŌłÆ6,ŌłÆ6,0,+1,0,+38,ŌłÆ22,ŌłÆ51,241,52,89,100,74,112,55,274,334,2026-06-08T15:26:09,https://www.eloratings.net/World.tsv
146,146,DO,1283,138,1295,167,1060,188,930,ŌłÆ5,ŌłÆ10,ŌłÆ4,ŌłÆ10,ŌłÆ3,+2,+15,+77,+18,+112,+13,+66,190,86,64,40,69,89,32,301,307,2026-06-08T15:26:09,https://www.eloratings.net/World.tsv
147,147,BW,1267,100,1437,150,1167,190,996,ŌłÆ3,ŌłÆ18,ŌłÆ15,ŌłÆ52,ŌłÆ24,ŌłÆ78,ŌłÆ20,ŌłÆ59,ŌłÆ13,ŌłÆ25,ŌłÆ8,ŌłÆ15,368,166,136,66,98,166,104,311,490,2026-06-08T15:26:09,https://www.eloratings.net/World.tsv
148,148,MD,1265,65,1556,109,1391,165,1169,ŌłÆ6,ŌłÆ23,ŌłÆ5,ŌłÆ23,ŌłÆ14,ŌłÆ55,ŌłÆ29,ŌłÆ87,+7,+46,ŌłÆ30,ŌłÆ85,301,115,145,41,60,172,69,246,522,2026-06-08T15:26:09,https://www.eloratings.net/World.tsv
149,149,MT,1255,78,1435,118,1322,171,1155,ŌłÆ4,ŌłÆ23,ŌłÆ4,ŌłÆ23,+4,+4,+3,ŌłÆ3,+7,+37,+3,+24,456,246,183,27,66,314,76,298,1020,2026-06-08T15:26:09,https://www.eloratings.net/World.tsv
150,150,GW,1248,84,1415,126,1282,163,1178,0,+4,0,+4,ŌłÆ4,ŌłÆ24,ŌłÆ29,ŌłÆ102,ŌłÆ28,ŌłÆ103,ŌłÆ12,ŌłÆ35,215,66,64,85,58,104,53,215,320,2026-06-08T15:26:09,https://www.eloratings.net/World.tsv
151,151,CF,1241,83,1417,124,1295,167,1177,+1,+3,+1,+3,ŌłÆ6,ŌłÆ37,ŌłÆ26,ŌłÆ89,ŌłÆ14,ŌłÆ42,ŌłÆ23,ŌłÆ60,163,32,67,64,36,93,34,181,323,2026-06-08T15:26:09,https://www.eloratings.net/World.tsv
152,152,CU,1239,21,1683,84,1438,161,1114,+1,+10,+1,+10,ŌłÆ1,ŌłÆ16,ŌłÆ13,ŌłÆ55,ŌłÆ13,ŌłÆ30,ŌłÆ25,ŌłÆ71,485,103,212,170,185,189,111,678,684,2026-06-08T15:26:09,https://www.eloratings.net/World.tsv
153,153,MW,1235,48,1590,115,1327,153,1093,ŌłÆ4,ŌłÆ17,ŌłÆ4,ŌłÆ17,ŌłÆ5,ŌłÆ28,ŌłÆ16,ŌłÆ72,ŌłÆ30,ŌłÆ114,ŌłÆ22,ŌłÆ63,699,306,244,149,232,265,202,816,901,2026-06-08T15:26:09,https://www.eloratings.net/World.tsv
154,154,GF,1223,71,1395,125,1246,172,1109,0,0,0,0,+3,0,ŌłÆ14,ŌłÆ66,ŌłÆ12,ŌłÆ39,ŌłÆ7,ŌłÆ29,190,66,67,57,57,92,41,280,328,2026-06-08T15:26:09,https://www.eloratings.net/World.tsv
155,155,YT,1216,149,1233,157,1202,175,1124,+1,0,+1,0,+4,0,+5,0,ŌłÆ1,ŌłÆ8,+3,ŌłÆ2,41,2,11,28,13,17,11,55,59,2026-06-08T15:26:09,https://www.eloratings.net/World.tsv
156,156,TM,1209,67,1546,117,1358,161,1205,ŌłÆ1,ŌłÆ8,ŌłÆ1,ŌłÆ8,+4,ŌłÆ6,+3,ŌłÆ9,ŌłÆ15,ŌłÆ55,ŌłÆ24,ŌłÆ83,187,42,76,69,71,82,34,288,281,2026-06-08T15:26:09,https://www.eloratings.net/World.tsv
157,157,CG,1207,33,1690,83,1471,159,1207,+2,0,+2,0,0,ŌłÆ16,ŌłÆ8,ŌłÆ64,ŌłÆ39,ŌłÆ149,ŌłÆ59,ŌłÆ248,474,180,188,106,173,186,115,679,662,2026-06-08T15:26:09,https://www.eloratings.net/World.tsv
158,158,ER,1201,142,1246,164,1158,185,1056,+6,+62,+6,+62,+7,+62,+9,+62,+15,+62,+27,+127,86,20,28,38,17,50,19,61,137,2026-06-08T15:26:09,https://www.eloratings.net/World.tsv
159,159,LS,1198,125,1325,151,1179,179,1102,ŌłÆ3,ŌłÆ18,ŌłÆ3,ŌłÆ18,ŌłÆ5,ŌłÆ48,ŌłÆ16,ŌłÆ88,ŌłÆ13,ŌłÆ45,+20,+93,354,113,147,94,70,180,104,280,580,2026-06-08T15:26:09,https://www.eloratings.net/World.tsv
160,160,YE,1195,109,1367,144,1212,178,1078,+3,+44,+3,+44,+12,+86,+11,+82,ŌłÆ2,ŌłÆ10,+3,ŌłÆ12,295,56,87,152,66,173,56,304,573,2026-06-08T15:26:09,https://www.eloratings.net/World.tsv
161,161,TI,1176,49,1591,103,1386,171,1136,ŌłÆ1,0,ŌłÆ1,0,0,0,+2,ŌłÆ7,ŌłÆ1,ŌłÆ16,ŌłÆ8,ŌłÆ53,254,58,71,125,136,82,36,693,383,2026-06-08T15:26:09,https://www.eloratings.net/World.tsv
162,162,PH,1169,27,1352,135,1068,220,680,0,+14,0,+14,+7,+40,+21,+127,+10,+23,ŌłÆ20,ŌłÆ99,396,109,127,160,98,238,60,427,1022,2026-06-08T15:26:09,https://www.eloratings.net/World.tsv
163,163,SW,1149,119,1347,153,1168,181,1062,ŌłÆ5,ŌłÆ62,ŌłÆ5,ŌłÆ62,ŌłÆ7,ŌłÆ75,ŌłÆ8,ŌłÆ94,+7,+2,ŌłÆ27,ŌłÆ138,324,123,131,70,71,158,95,297,542,2026-06-08T15:26:09,https://www.eloratings.net/World.tsv
164,164,VC,1141,58,1501,110,1322,185,1030,ŌłÆ3,ŌłÆ30,ŌłÆ3,ŌłÆ30,0,ŌłÆ12,+13,+66,+6,ŌłÆ6,+12,+29,365,138,135,92,131,150,84,566,648,2026-06-08T15:26:09,https://www.eloratings.net/World.tsv
165,165,PG,1135,136,1223,165,1091,188,1016,0,0,0,0,+8,+31,+10,+52,+4,ŌłÆ15,+13,+29,165,30,43,92,54,80,31,352,356,2026-06-08T15:26:09,https://www.eloratings.net/World.tsv
165,165,PR,1135,100,1166,169,936,203,829,+2,+1,+2,+1,+6,+17,+1,ŌłÆ10,+19,+77,+19,+50,196,73,67,56,46,121,29,229,491,2026-06-08T15:26:09,https://www.eloratings.net/World.tsv
167,167,SG,1134,80,1415,134,1227,187,1041,+2,+3,+2,+3,+10,+70,+3,+18,+8,ŌłÆ4,+2,ŌłÆ25,772,322,185,265,242,373,157,1036,1396,2026-06-08T15:26:09,https://www.eloratings.net/World.tsv
168,168,HK,1122,60,1533,123,1287,180,1057,ŌłÆ3,ŌłÆ13,ŌłÆ3,ŌłÆ13,0,ŌłÆ9,+10,+65,ŌłÆ3,ŌłÆ47,ŌłÆ1,ŌłÆ64,513,183,151,179,178,233,102,816,871,2026-06-08T15:26:09,https://www.eloratings.net/World.tsv
168,168,IN,1122,24,1685,110,1341,186,1029,+2,ŌłÆ1,+2,ŌłÆ1,ŌłÆ6,ŌłÆ36,ŌłÆ6,ŌłÆ76,ŌłÆ9,ŌłÆ79,+15,+31,611,177,171,263,220,263,128,837,1000,2026-06-08T15:26:09,https://www.eloratings.net/World.tsv
170,170,VU,1121,111,1263,156,1104,191,959,+4,+7,+4,+7,+12,+76,+12,+76,ŌłÆ7,ŌłÆ51,ŌłÆ5,ŌłÆ66,226,53,51,122,71,124,31,402,483,2026-06-08T15:26:09,https://www.eloratings.net/World.tsv
171,171,BM,1117,91,1431,128,1283,177,1082,0,ŌłÆ3,+1,ŌłÆ3,ŌłÆ5,ŌłÆ20,ŌłÆ4,ŌłÆ22,ŌłÆ24,ŌłÆ125,ŌłÆ18,ŌłÆ112,236,106,82,48,79,112,45,375,417,2026-06-08T15:26:09,https://www.eloratings.net/World.tsv
172,172,SS,1109,163,1155,178,1087,188,1018,ŌłÆ5,ŌłÆ25,ŌłÆ5,ŌłÆ25,ŌłÆ5,ŌłÆ24,ŌłÆ7,ŌłÆ41,+10,+30,+1,ŌłÆ14,81,18,29,34,13,52,16,55,145,2026-06-08T15:26:09,https://www.eloratings.net/World.tsv
173,173,FJ,1101,77,1466,129,1246,175,1069,+2,ŌłÆ7,+2,ŌłÆ7,ŌłÆ18,ŌłÆ126,ŌłÆ15,ŌłÆ120,ŌłÆ21,ŌłÆ126,ŌłÆ25,ŌłÆ138,287,106,64,117,126,106,55,645,461,2026-06-08T15:26:09,https://www.eloratings.net/World.tsv
174,174,GD,1098,46,1548,102,1370,186,1060,ŌłÆ1,ŌłÆ21,ŌłÆ3,ŌłÆ24,0,+16,ŌłÆ1,+10,ŌłÆ6,ŌłÆ55,+1,ŌłÆ19,310,115,116,79,103,129,78,490,561,2026-06-08T15:26:09,https://www.eloratings.net/World.tsv
175,175,AD,1080,169,1130,182,1050,195,952,+4,ŌłÆ3,+4,ŌłÆ3,+1,+14,ŌłÆ4,ŌłÆ33,+12,+52,+18,+120,231,92,106,33,15,184,32,77,543,2026-06-08T15:26:09,https://www.eloratings.net/World.tsv
176,176,MU,1073,36,1634,108,1335,195,930,+1,ŌłÆ18,+1,ŌłÆ18,ŌłÆ1,ŌłÆ3,+9,+64,+13,+66,+5,ŌłÆ25,359,124,151,84,100,174,85,450,572,2026-06-08T15:26:09,https://www.eloratings.net/World.tsv
176,176,TD,1073,107,1318,135,1244,176,1073,ŌłÆ5,ŌłÆ47,ŌłÆ4,ŌłÆ47,ŌłÆ13,ŌłÆ82,ŌłÆ12,ŌłÆ101,ŌłÆ14,ŌłÆ107,ŌłÆ30,ŌłÆ180,182,45,59,78,35,105,42,165,340,2026-06-08T15:26:09,https://www.eloratings.net/World.tsv
176,176,BZ,1073,61,1201,139,1114,183,1034,0,ŌłÆ32,0,ŌłÆ32,+3,+15,+3,+17,+1,ŌłÆ52,ŌłÆ11,ŌłÆ114,129,44,44,41,32,74,23,138,245,2026-06-08T15:26:09,https://www.eloratings.net/World.tsv
179,179,SB,1054,110,1378,147,1183,179,1041,ŌłÆ1,ŌłÆ36,ŌłÆ1,ŌłÆ36,ŌłÆ9,ŌłÆ72,ŌłÆ37,ŌłÆ233,ŌłÆ12,ŌłÆ103,ŌłÆ8,ŌłÆ85,223,59,62,102,94,92,37,480,428,2026-06-08T15:26:09,https://www.eloratings.net/World.tsv
180,180,MF,1042,155,1120,187,982,214,755,+6,+39,+6,+39,+3,ŌłÆ1,+13,+102,+26,+189,+26,+178,86,18,36,32,33,44,9,136,191,2026-06-08T15:26:09,https://www.eloratings.net/World.tsv
181,181,ST,1035,153,1116,174,1056,190,985,ŌłÆ1,ŌłÆ21,ŌłÆ1,ŌłÆ21,+3,ŌłÆ3,ŌłÆ2,ŌłÆ21,+2,ŌłÆ29,ŌłÆ1,ŌłÆ66,82,24,36,22,11,60,11,59,213,2026-06-08T15:26:09,https://www.eloratings.net/World.tsv
182,182,KN,1029,88,1387,138,1174,186,1001,+2,+24,+2,+24,ŌłÆ1,ŌłÆ20,ŌłÆ6,ŌłÆ48,ŌłÆ29,ŌłÆ196,ŌłÆ52,ŌłÆ270,252,121,80,51,104,101,47,431,396,2026-06-08T15:26:09,https://www.eloratings.net/World.tsv
183,183,GI,1011,167,1152,178,1082,189,1002,ŌłÆ1,ŌłÆ6,ŌłÆ1,ŌłÆ6,ŌłÆ3,ŌłÆ40,ŌłÆ4,ŌłÆ45,ŌłÆ2,ŌłÆ76,ŌłÆ6,ŌłÆ100,118,41,49,28,18,85,15,70,344,2026-06-08T15:26:09,https://www.eloratings.net/World.tsv
184,184,JS,1005,184,1005,188,1004,190,995,0,0,0,0,+2,0,+3,0,+6,0,+3,0,2,0,0,2,1,0,1,4,3,2026-06-08T15:26:09,https://www.eloratings.net/World.tsv
185,185,LC,1003,67,1353,126,1240,192,977,ŌłÆ2,ŌłÆ5,ŌłÆ2,ŌłÆ5,0,ŌłÆ24,ŌłÆ12,ŌłÆ85,+1,ŌłÆ28,ŌłÆ3,ŌłÆ94,264,89,108,67,90,132,42,361,485,2026-06-08T15:26:09,https://www.eloratings.net/World.tsv
186,186,EH,996,186,996,189,996,192,996,+1,0,+1,0,+1,0,+2,0,+5,0,+2,0,1,0,1,0,0,1,0,0,6,2026-06-08T15:26:09,https://www.eloratings.net/World.tsv
187,187,MM,993,34,1675,125,1244,199,896,+6,+48,+6,+48,+6,+51,+10,+71,ŌłÆ2,ŌłÆ57,ŌłÆ1,ŌłÆ74,553,119,138,296,219,230,104,898,953,2026-06-08T15:26:09,https://www.eloratings.net/World.tsv
188,188,AF,990,96,1165,167,920,210,778,ŌłÆ7,ŌłÆ45,ŌłÆ7,ŌłÆ45,ŌłÆ10,ŌłÆ71,ŌłÆ19,ŌłÆ146,ŌłÆ12,ŌłÆ145,ŌłÆ18,ŌłÆ162,167,8,67,92,38,91,38,153,338,2026-06-08T15:26:09,https://www.eloratings.net/World.tsv
189,189,SO,979,132,1218,166,1072,207,835,0,+18,0,+18,+10,+68,+11,+79,+8,+62,+18,+135,150,10,48,92,15,112,23,78,375,2026-06-08T15:26:09,https://www.eloratings.net/World.tsv
190,190,AW,978,51,1444,125,1198,203,880,+1,+29,+1,+29,+7,+61,0,ŌłÆ7,+8,+68,+8,+62,208,83,81,44,52,112,44,298,471,2026-06-08T15:26:09,https://www.eloratings.net/World.tsv
191,191,SX,975,164,977,187,909,213,758,ŌłÆ1,+19,ŌłÆ1,+19,+3,+43,+12,+122,+22,+211,+13,+95,75,16,25,34,23,39,13,107,194,2026-06-08T15:26:09,https://www.eloratings.net/World.tsv
192,192,MS,971,116,1021,191,642,236,526,ŌłÆ4,0,ŌłÆ4,0,ŌłÆ4,ŌłÆ7,ŌłÆ8,ŌłÆ44,+2,+25,+35,+327,74,15,26,33,18,48,8,76,235,2026-06-08T15:26:09,https://www.eloratings.net/World.tsv
193,193,GL,946,163,1035,185,975,197,946,ŌłÆ1,0,ŌłÆ1,0,ŌłÆ1,0,ŌłÆ1,0,ŌłÆ1,ŌłÆ17,ŌłÆ1,ŌłÆ17,22,2,7,13,5,16,1,35,50,2026-06-08T15:26:09,https://www.eloratings.net/World.tsv
194,194,BD,942,150,1113,181,980,210,796,0,+2,0,+2,+2,+17,+1,+9,+13,+91,+8,+58,327,92,97,138,88,166,73,300,584,2026-06-08T15:26:09,https://www.eloratings.net/World.tsv
195,195,DJ,940,105,942,178,872,215,748,+3,+25,+3,+25,0,+11,+1,+14,+7,+44,+20,+190,121,28,40,53,11,99,11,83,424,2026-06-08T15:26:09,https://www.eloratings.net/World.tsv
196,196,DM,934,59,1330,132,1196,198,932,ŌłÆ1,ŌłÆ4,ŌłÆ1,ŌłÆ4,ŌłÆ7,ŌłÆ41,ŌłÆ10,ŌłÆ73,ŌłÆ8,ŌłÆ88,ŌłÆ2,ŌłÆ23,246,69,97,80,60,132,54,288,488,2026-06-08T15:26:09,https://www.eloratings.net/World.tsv
197,197,MC,903,193,909,199,900,202,890,+2,0,+2,0,+5,0,+2,0,+4,0,+2,ŌłÆ6,9,0,1,8,4,2,3,11,15,2026-06-08T15:26:09,https://www.eloratings.net/World.tsv
198,198,BB,898,54,1405,121,1243,200,898,ŌłÆ2,ŌłÆ23,ŌłÆ2,ŌłÆ23,ŌłÆ7,ŌłÆ51,ŌłÆ4,ŌłÆ36,ŌłÆ20,ŌłÆ215,ŌłÆ26,ŌłÆ236,375,168,132,75,117,162,96,492,616,2026-06-08T15:26:09,https://www.eloratings.net/World.tsv
199,199,LI,895,143,1242,167,1113,201,895,+1,ŌłÆ5,+1,ŌłÆ5,+2,ŌłÆ11,ŌłÆ8,ŌłÆ72,ŌłÆ19,ŌłÆ197,ŌłÆ35,ŌłÆ297,259,115,125,19,19,208,32,104,726,2026-06-08T15:26:09,https://www.eloratings.net/World.tsv
200,200,AG,894,102,1319,145,1178,201,894,+1,0,+1,0,0,ŌłÆ15,ŌłÆ11,ŌłÆ92,ŌłÆ34,ŌłÆ269,ŌłÆ45,ŌłÆ334,285,116,101,68,95,136,54,394,491,2026-06-08T15:26:09,https://www.eloratings.net/World.tsv
201,201,NP,893,167,1008,190,889,209,728,ŌłÆ4,ŌłÆ26,ŌłÆ4,ŌłÆ26,ŌłÆ11,ŌłÆ62,0,ŌłÆ1,ŌłÆ5,ŌłÆ49,ŌłÆ1,ŌłÆ11,295,74,91,130,68,174,53,247,665,2026-06-08T15:26:09,https://www.eloratings.net/World.tsv
202,202,PK,880,69,1458,154,1101,209,787,+5,+50,+5,+50,+6,+56,+4,+52,+2,+1,ŌłÆ7,ŌłÆ72,286,63,97,126,65,170,51,277,642,2026-06-08T15:26:09,https://www.eloratings.net/World.tsv
203,203,SC,853,157,1123,182,987,205,842,+1,+11,+1,+11,+1,+2,+2,+2,ŌłÆ3,ŌłÆ54,ŌłÆ13,ŌłÆ133,190,51,58,81,26,131,33,144,425,2026-06-08T15:26:09,https://www.eloratings.net/World.tsv
204,204,KH,849,93,1391,157,1058,222,676,ŌłÆ1,+5,ŌłÆ1,+5,+2,+14,0,ŌłÆ3,+4,+11,+6,+80,317,81,93,143,72,200,45,365,816,2026-06-08T15:26:09,https://www.eloratings.net/World.tsv
205,205,LK,836,77,1045,161,932,227,647,+5,+54,+5,+54,+8,+91,+12,+134,+21,+173,+7,+77,285,70,89,126,58,177,50,278,693,2026-06-08T15:26:09,https://www.eloratings.net/World.tsv
206,206,SM,826,165,1015,195,917,212,770,0,ŌłÆ7,0,ŌłÆ7,ŌłÆ1,ŌłÆ19,+6,+50,+3,ŌłÆ1,ŌłÆ3,ŌłÆ57,227,110,110,7,3,212,12,43,893,2026-06-08T15:26:09,https://www.eloratings.net/World.tsv
207,207,TW,821,15,1767,144,1169,213,759,ŌłÆ5,ŌłÆ45,ŌłÆ5,ŌłÆ45,ŌłÆ10,ŌłÆ96,ŌłÆ9,ŌłÆ83,ŌłÆ8,ŌłÆ88,+5,+62,339,96,109,134,96,191,52,465,788,2026-06-08T15:26:09,https://www.eloratings.net/World.tsv
208,208,BQ,816,81,1130,150,1037,208,816,0,ŌłÆ6,0,ŌłÆ6,ŌłÆ2,ŌłÆ19,ŌłÆ1,ŌłÆ10,ŌłÆ15,ŌłÆ142,ŌłÆ19,ŌłÆ174,104,19,52,33,24,68,12,116,257,2026-06-08T15:26:09,https://www.eloratings.net/World.tsv
209,209,MV,801,162,1174,191,884,210,712,ŌłÆ4,ŌłÆ40,ŌłÆ4,ŌłÆ40,ŌłÆ6,ŌłÆ71,ŌłÆ7,ŌłÆ81,ŌłÆ14,ŌłÆ144,ŌłÆ12,ŌłÆ135,241,65,82,94,67,135,39,289,538,2026-06-08T15:26:09,https://www.eloratings.net/World.tsv
210,210,KY,800,153,1140,183,1000,210,795,ŌłÆ1,ŌłÆ6,ŌłÆ1,ŌłÆ6,ŌłÆ1,ŌłÆ20,ŌłÆ2,ŌłÆ24,ŌłÆ7,ŌłÆ91,ŌłÆ14,ŌłÆ146,129,60,39,30,26,78,25,125,313,2026-06-08T15:26:09,https://www.eloratings.net/World.tsv
211,211,HG,782,208,805,211,783,213,773,ŌłÆ1,0,ŌłÆ1,0,ŌłÆ1,0,ŌłÆ1,0,ŌłÆ1,+9,ŌłÆ3,ŌłÆ13,4,0,0,4,1,2,1,8,10,2026-06-08T15:26:09,https://www.eloratings.net/World.tsv
212,212,TV,756,179,819,204,745,217,719,0,0,0,0,0,0,+2,0,+3,+19,+4,+31,34,0,4,30,9,21,4,47,182,2026-06-08T15:26:09,https://www.eloratings.net/World.tsv
213,213,VG,743,173,932,207,788,232,590,+8,+50,+8,+50,+16,+116,+14,+91,+18,+142,+18,+139,139,35,63,41,24,91,24,129,402,2026-06-08T15:26:09,https://www.eloratings.net/World.tsv
214,214,EU,737,211,757,213,753,215,711,ŌłÆ1,0,ŌłÆ1,0,0,0,ŌłÆ1,ŌłÆ20,0,ŌłÆ20,0,ŌłÆ20,11,3,8,0,5,2,4,33,30,2026-06-08T15:26:09,https://www.eloratings.net/World.tsv
215,215,LA,734,144,1016,186,895,227,646,+4,+26,+4,+26,+7,+47,+10,+66,+5,+41,ŌłÆ7,ŌłÆ61,235,49,69,117,43,157,35,235,739,2026-06-08T15:26:09,https://www.eloratings.net/World.tsv
216,216,WS,728,183,744,211,659,226,601,ŌłÆ1,0,ŌłÆ1,0,0,0,ŌłÆ1,ŌłÆ16,+7,+51,+5,+38,77,28,15,34,23,50,4,109,279,2026-06-08T15:26:09,https://www.eloratings.net/World.tsv
217,217,MN,725,147,897,190,842,227,649,ŌłÆ3,ŌłÆ4,ŌłÆ3,ŌłÆ4,ŌłÆ2,ŌłÆ4,ŌłÆ7,ŌłÆ57,ŌłÆ5,ŌłÆ43,+8,+50,102,22,39,41,21,70,11,100,288,2026-06-08T15:26:09,https://www.eloratings.net/World.tsv
217,217,BL,725,215,730,217,706,221,694,ŌłÆ1,0,ŌłÆ1,0,0,0,ŌłÆ1,0,0,+12,+3,+31,10,7,3,0,4,5,1,25,29,2026-06-08T15:26:09,https://www.eloratings.net/World.tsv
219,219,TL,714,215,742,226,630,236,531,+5,+34,+5,+34,+5,+56,+12,+103,+9,+72,ŌłÆ1,0,91,5,47,39,12,72,7,83,284,2026-06-08T15:26:09,https://www.eloratings.net/World.tsv
220,220,GU,705,179,894,207,693,232,531,ŌłÆ2,ŌłÆ8,ŌłÆ2,ŌłÆ8,ŌłÆ2,ŌłÆ8,+2,+24,ŌłÆ4,ŌłÆ28,ŌłÆ15,ŌłÆ166,132,25,44,63,31,88,13,169,592,2026-06-08T15:26:09,https://www.eloratings.net/World.tsv
221,221,WF,699,169,734,201,699,221,674,ŌłÆ1,0,ŌłÆ1,0,ŌłÆ2,0,ŌłÆ3,0,ŌłÆ3,0,ŌłÆ2,0,24,0,5,19,5,19,0,23,109,2026-06-08T15:26:09,https://www.eloratings.net/World.tsv
222,222,VA,692,212,705,218,697,222,686,0,0,0,0,ŌłÆ2,0,ŌłÆ3,0,ŌłÆ1,0,0,+6,5,0,0,5,0,3,2,1,6,2026-06-08T15:26:09,https://www.eloratings.net/World.tsv
223,223,AB,691,216,701,223,675,227,671,0,0,0,0,ŌłÆ2,0,+1,+20,+2,+20,+3,+20,8,5,3,0,2,4,2,25,26,2026-06-08T15:26:09,https://www.eloratings.net/World.tsv
224,224,BS,685,157,940,190,871,224,685,ŌłÆ7,ŌłÆ34,ŌłÆ7,ŌłÆ34,ŌłÆ14,ŌłÆ97,ŌłÆ15,ŌłÆ128,ŌłÆ19,ŌłÆ184,ŌłÆ23,ŌłÆ214,90,30,32,28,17,62,11,90,291,2026-06-08T15:26:09,https://www.eloratings.net/World.tsv
225,225,PM,677,218,698,223,678,226,677,0,0,0,0,ŌłÆ2,0,ŌłÆ2,0,ŌłÆ2,0,ŌłÆ1,0,7,0,0,7,0,7,0,2,78,2026-06-08T15:26:09,https://www.eloratings.net/World.tsv
226,226,TC,657,205,830,211,765,230,631,0,0,0,0,0,+9,ŌłÆ6,ŌłÆ29,ŌłÆ15,ŌłÆ114,ŌłÆ15,ŌłÆ104,56,16,22,18,13,37,6,54,197,2026-06-08T15:26:09,https://www.eloratings.net/World.tsv
227,227,AI,646,196,672,224,556,237,497,+1,+1,+1,+1,+4,+30,+6,+46,+9,+91,+10,+94,117,31,50,36,16,87,14,74,413,2026-06-08T15:26:09,https://www.eloratings.net/World.tsv
228,228,TE,629,177,691,208,665,231,629,+1,0,+1,0,0,0,+1,0,+1,0,0,ŌłÆ1,10,0,3,7,0,9,1,8,38,2026-06-08T15:26:09,https://www.eloratings.net/World.tsv
229,229,VI,628,210,748,219,685,233,587,+2,+10,+2,+10,+4,+41,+1,+10,ŌłÆ2,ŌłÆ31,ŌłÆ12,ŌłÆ94,81,27,35,19,10,58,13,55,300,2026-06-08T15:26:09,https://www.eloratings.net/World.tsv
230,230,CK,622,175,738,206,681,232,622,0,0,0,0,0,0,ŌłÆ9,ŌłÆ62,ŌłÆ8,ŌłÆ64,ŌłÆ8,ŌłÆ64,56,4,14,38,13,39,4,50,276,2026-06-08T15:26:09,https://www.eloratings.net/World.tsv
230,230,BT,622,185,694,219,599,238,526,+2,+8,+2,+8,ŌłÆ3,ŌłÆ12,+2,+12,+4,+55,+6,+67,117,20,40,57,12,97,8,68,423,2026-06-08T15:26:09,https://www.eloratings.net/World.tsv
232,232,BN,592,168,949,201,777,232,592,ŌłÆ5,ŌłÆ63,ŌłÆ5,ŌłÆ63,ŌłÆ7,ŌłÆ65,ŌłÆ4,ŌłÆ42,ŌłÆ2,ŌłÆ32,ŌłÆ2,ŌłÆ15,152,30,42,80,27,112,13,119,488,2026-06-08T15:26:09,https://www.eloratings.net/World.tsv
233,233,MO,588,103,1098,175,945,233,588,0,ŌłÆ7,0,ŌłÆ7,ŌłÆ1,ŌłÆ7,ŌłÆ7,ŌłÆ78,ŌłÆ14,ŌłÆ110,ŌłÆ4,ŌłÆ35,161,51,50,60,24,120,17,141,490,2026-06-08T15:26:09,https://www.eloratings.net/World.tsv
234,234,CX,578,219,614,228,577,235,513,0,0,0,0,0,0,0,0,ŌłÆ1,0,ŌłÆ1,0,10,6,4,0,7,2,1,29,8,2026-06-08T15:26:09,https://www.eloratings.net/World.tsv
235,235,FK,571,223,593,229,585,235,571,0,0,0,0,0,0,0,0,ŌłÆ3,ŌłÆ9,ŌłÆ3,ŌłÆ9,4,0,1,3,0,4,0,0,25,2026-06-08T15:26:09,https://www.eloratings.net/World.tsv
236,236,FM,563,219,618,231,571,237,563,0,0,0,0,0,0,0,0,ŌłÆ1,0,ŌłÆ2,0,8,1,3,4,1,7,0,8,64,2026-06-08T15:26:09,https://www.eloratings.net/World.tsv
237,237,MH,559,235,571,237,559,237,559,0,0,0,0,ŌłÆ,ŌłÆ,ŌłÆ,ŌłÆ,ŌłÆ,ŌłÆ,ŌłÆ,ŌłÆ,2,0,0,2,0,2,0,2,7,2026-06-08T15:26:09,https://www.eloratings.net/World.tsv
238,238,KI,544,188,599,219,578,238,544,0,0,0,0,ŌłÆ1,0,ŌłÆ1,0,ŌłÆ1,0,0,0,11,0,2,9,0,10,1,7,126,2026-06-08T15:26:09,https://www.eloratings.net/World.tsv
239,239,TO,520,181,727,213,651,239,480,0,0,0,0,ŌłÆ1,0,0,+40,ŌłÆ1,ŌłÆ7,ŌłÆ4,ŌłÆ42,70,10,15,45,16,48,6,82,265,2026-06-08T15:26:09,https://www.eloratings.net/World.tsv
240,240,NU,496,194,500,225,496,240,496,0,0,0,0,ŌłÆ1,0,ŌłÆ2,0,ŌłÆ1,0,ŌłÆ1,0,2,0,0,2,0,2,0,0,33,2026-06-08T15:26:09,https://www.eloratings.net/World.tsv
241,241,MP,432,214,682,233,512,243,396,0,0,0,0,ŌłÆ1,0,ŌłÆ1,ŌłÆ20,+1,+22,ŌłÆ1,ŌłÆ31,36,7,11,18,5,28,3,43,153,2026-06-08T15:26:09,https://www.eloratings.net/World.tsv
242,242,CC,422,222,487,235,423,242,386,0,0,0,0,ŌłÆ1,0,ŌłÆ1,0,ŌłÆ1,0,0,0,10,4,6,0,2,7,1,8,29,2026-06-08T15:26:09,https://www.eloratings.net/World.tsv
243,243,PW,402,225,442,237,402,243,402,0,0,0,0,ŌłÆ1,0,ŌłÆ1,0,0,0,0,0,2,2,0,0,0,2,0,3,27,2026-06-08T15:26:09,https://www.eloratings.net/World.tsv
244,244,AS,369,190,628,226,467,244,334,0,ŌłÆ19,0,ŌłÆ19,ŌłÆ1,ŌłÆ19,ŌłÆ1,ŌłÆ7,ŌłÆ4,ŌłÆ102,ŌłÆ3,ŌłÆ93,59,0,15,44,5,52,2,36,385,2026-06-08T15:26:09,https://www.eloratings.net/World.tsv
